,id,symbol,name,current_price,market_cap,market_cap_rank,total_volume,high_24h,low_24h,price_change_24h,price_change_percentage_24h,market_cap_change_24h,market_cap_change_percentage_24h,circulating_supply,total_supply,max_supply,ath,atl,last_updated
0,bitcoin,btc,Bitcoin,103577.0,2064544060174,1,72533732748.00,107357,103240,-1295.0395889575448,-1.23488,-2.97501e+10,-1.42053,19947384,19947384,21000000,126080,67.81,2025-11-11
1,ethereum,eth,Ethereum,3495.99,421200775773,2,36067836278.00,3640.36,3469.76,-17.1674126506191,-0.48866,-3.17495e+09,-0.74815,1696534.4352596,1696534.4352596,,4946.05,0.432979,2025-11-11
2,tether,usdt,Tether,0.999896,183470788675,3,120180368366.00,1,0.999226,-4.3588052177745e-05,-0.00436,2.54879e+06,0.00139,1834978488.6547,188964784658562,,1.32,0.572521,2025-11-11
3,ripple,xrp,XRP,2.43,146242178016,4,4499575820.00,2.58,2.43,-0.0884008654811805,-3.50414,-5.27647e+09,-3.48239,7199237,99985774127,100000000000,3.65,0.00268621,2025-11-11
4,binancecoin,bnb,BNB,976.61,134412151894,5,1663091993.00,1005.71,973.83,-1.0654005552828494,-0.10897,-2.58055e+08,-0.19162,137737214.5799999,137737213.68,200000000,1369.99,0.0398177,2025-11-11
5,solana,sol,Solana,160.63,88911644138,6,6079758067.00,171.62,160.24,-4.998957158480351,-3.0182,-2.86766e+09,-3.12451,5537391.3437848,613823112.84968,,293.31,0.500801,2025-11-11
6,usd-coin,usdc,USDC,0.9998,76045376884,7,7978237479.00,0.999956,0.999698,2.04914e-07,2e-05,2.13477e+08,0.28151,7687317.71368,78973.78876,,1.17,0.877647,2025-11-11
7,staked-ether,steth,Lido Staked Ether,3491.5,30135186907,8,69594198.00,3630.28,3471.58,-20.805184777726023,-0.59235,-2.3708e+08,-0.78058,8634532.311377518,8634533.83137752,,4932.89,482.9,2025-11-11
8,tron,trx,TRON,0.300582,28454723381,9,646475089.00,0.300594,0.293742,0.00684092,2.32889,6.47004e+08,2.32671,94668334931.1514,94668334931.1514,,0.431288,0.00180434,2025-11-11
9,dogecoin,doge,Dogecoin,0.176267,26727056424,10,1971605641.00,0.184541,0.175931,-0.001872707225801,-1.05126,-2.92118e+08,-1.08115,1517556383.52,1517326383.52,,0.731578,8.69e-05,2025-11-11
10,cardano,ada,Cardano,0.572201,20927471373,11,1002825416.00,0.603184,0.571779,-0.0090575378209413,-1.55826,-2.81675e+08,-1.32808,36595373755.915,4,45000000000,3.09,0.01925275,2025-11-11
11,figure-heloc,figr_heloc,Figure Heloc,1.036,13999142333,12,25851015.00,1.037,1.013,0.0225615,2.22715,2.97287e+08,2.16968,135181322.62,135181322.62,,1.37,0.155357,2025-11-11
12,wrapped-steth,wsteth,Wrapped stETH,4256.71,13923204431,13,36468133.00,4421.94,4233.16,-29.72276813477765,-0.69341,-1.68449e+08,-1.19538,32774.418647463,32774.418647463,,7256.02,558.54,2025-11-11
13,wrapped-bitcoin,wbtc,Wrapped Bitcoin,103405.0,13100348126,14,270224172.00,106751,103153,-1451.9661253342783,-1.38471,-1.79966e+08,-1.35514,126763.48883569,126763.48883569,126763,125932,3139.17,2025-11-11
14,wrapped-beacon-eth,wbeth,Wrapped Beacon ETH,3782.23,12330236128,15,4617083.00,3940.21,3759.58,-28.00111173236519,-0.73489,-1.10467e+08,-0.88795,3264284.6477729,3264284.6477729,,5330.78,1501.6,2025-11-11
15,whitebit,wbt,WhiteBIT Coin,54.31,11662542375,16,85343763.00,55.67,54.15,-0.1561232629745177,-0.28665,-6.95551e+07,-0.59286,214772248,321272248,400000000,55.67,3.06,2025-11-11
16,chainlink,link,Chainlink,15.81,11007015330,17,751073674.00,16.69,15.76,-0.1765192216336739,-1.10392,-1.2433e+08,-1.11694,6968499.4525868,,1000000000,52.7,0.148183,2025-11-11
17,hyperliquid,hype,Hyperliquid,39.69,10721094840,18,431021842.00,42.23,39.49,-1.241335308573419,-3.03275,-3.86758e+08,-3.48184,2772999.4341414,9998352.4341414,1000000000,59.3,3.81,2025-11-11
18,bitcoin-cash,bch,Bitcoin Cash,511.69,10202869766,19,373265743.00,528.87,502.61,3.01,0.5927,5.73079e+07,0.56486,19951596.771678,19951618.646678,21000000,3785.82,76.93,2025-11-11
19,stellar,xlm,Stellar,0.289682,9284724946,20,200828068.00,0.303821,0.288853,-0.0082250140553385,-2.76093,-2.95615e+08,-3.08565,320871583.53252,1786883.67145,50001786883,0.875563,0.00047612,2025-11-11
20,usds,usds,USDS,0.998871,9201977556,21,23545512.00,1.001,0.998239,0.0006211,0.06222,-1.27138e+08,-1.36281,9782.771751,9782.771751,,1.057,0.948265,2025-11-11
21,wrapped-eeth,weeth,Wrapped eETH,3771.36,9111892634,22,8398764.00,3926.16,3749.38,-25.064548798371103,-0.66021,-1.1541e+08,-1.25074,2419644.4246242,2419644.4246242,,5296.78,1505.24,2025-11-11
22,binance-bridged-usdt-bnb-smart-chain,bsc-usd,Binance Bridged USDT (BNB Smart Chain),0.999797,8988667185,23,2700687025.00,1.001,0.998166,-0.0006530138335471,-0.06527,1.89708e+06,0.02111,8984993193.453934,8984993193.453934,,1.05,0.942186,2025-11-11
23,leo-token,leo,LEO Token,9.28,8551809645,24,4043104.00,9.28,9.08,0.164155,1.80104,1.53127e+08,1.82322,9222512.9,9852394,,10.14,0.799859,2025-11-11
24,ethena-usde,usde,Ethena USDe,0.999696,8417368046,25,172538512.00,1.001,0.997984,0.00074238,0.07432,-1.97413e+07,-0.23398,8421291157.552236,8421291157.552236,,1.032,0.929486,2025-11-11
25,zcash,zec,Zcash,500.84,8172409676,26,4548743740.00,597.41,463.78,-60.64352219965514,-10.80061,-9.20929e+08,-10.12751,1634.85448,16382343.9155448,21000000,3191.93,16.08,2025-11-11
26,weth,weth,WETH,3494.99,8160870278,27,294763721.00,3633.31,3474.56,-21.25620096019657,-0.60451,6.59995e+08,8.79891,2338913.6920186,2338913.6920186,,4950.08,82.1,2025-11-11
27,hedera-hashgraph,hbar,Hedera,0.183901,7799864974,28,336435207.00,0.195834,0.183233,-0.0045153082206999,-2.39645,-1.82539e+08,-2.28676,42475229924.52624,0,50000000000,0.569229,0.00986111,2025-11-11
28,litecoin,ltc,Litecoin,101.25,7742111278,29,1030288846.00,108.8,100.82,-5.478697815018037,-5.13333,-4.23483e+08,-5.18619,768351.98347135,7684.73347135,84000000,410.26,1.15,2025-11-11
29,sui,sui,Sui,2.08,7656384125,30,875648750.00,2.2,2.08,-0.0509115429231941,-2.38462,-2.30715e+08,-2.92522,36813254.198332,0,10000000000,5.35,0.364846,2025-11-11
30,coinbase-wrapped-btc,cbbtc,Coinbase Wrapped BTC,103638.0,7618343893,31,482771305.00,107106,103271,-1428.160945478172,-1.35929,-1.24011e+08,-1.60173,73699.653894,73699.653894,,125954,57439,2025-11-11
31,avalanche-2,avax,Avalanche,17.64,7530152350,32,477537014.00,18.48,17.52,-0.1351758114698462,-0.76028,-5.71499e+07,-0.75323,4285371.68285,44213.75667,720000000,144.96,2.8,2025-11-11
32,monero,xmr,Monero,379.86,7012374748,33,199450770.00,404.41,368.17,-14.63801882135732,-3.71058,-2.64722e+08,-3.63774,1844674473955,1844674473955,,542.33,0.216177,2025-11-11
33,shiba-inu,shib,Shiba Inu,9.8e-06,5774054682,34,169264915.00,1.023e-05,9.79e-06,-1.35622743801e-07,-1.36444,-8.34948e+07,-1.42542,589244779736966.8,58907878235.1,,8.616e-05,5.6366e-11,2025-11-11
34,uniswap,uni,Uniswap,9.01,5663191511,35,4476720548.00,9.93,6.93,2.09,30.09743,1.30226e+09,29.86183,6298927.2713912,,1000000000,44.92,1.03,2025-11-11
35,polkadot,dot,Polkadot,3.21,5237026630,36,371984404.00,3.35,3.14,0.070277,2.23974,1.04739e+08,2.04078,16345756.621615,16345756.6192,,54.98,2.13,2025-11-11
36,the-open-network,ton,Toncoin,2.07,5152785086,37,132564345.00,2.16,2.07,-0.0317998822340022,-1.5105,-1.11109e+08,-2.11078,2486941865.937953,5145489874.9843,,8.25,0.519364,2025-11-11
37,crypto-com-chain,cro,Cronos,0.131091,4733195798,38,28133270.00,0.138551,0.130236,-2.6088239255345e-05,-0.0199,-1.42773e+07,-0.30073,361184194.54621,98148426545.83794,100000000000,0.965407,0.0121196,2025-11-11
38,ethena-staked-usde,susde,Ethena Staked USDe,1.2,4583080408,39,34430666.00,1.2,1.2,-9.861396391475e-06,-0.00082,-3.63701e+07,-0.78733,38113386.156534,38113386.156534,,1.29,1.012,2025-11-11
39,dai,dai,Dai,1.0,4573853590,40,103428265.00,1.001,0.998301,0.00039923,0.03993,-1.21239e+06,-0.0265,45753689.7365,45803195.125473,,1.22,0.88196,2025-11-11
40,world-liberty-financial,wlfi,World Liberty Financial,0.153068,4163514871,41,249184898.00,0.161147,0.14774,-0.0035653504391384,-2.27623,-1.1654e+08,-2.72287,27249569547.24266,,100000000000,0.331336,0.104606,2025-11-11
41,memecore,m,MemeCore,2.41,4092062811,42,13183850.00,2.5,2.38,-0.0931348453867073,-3.72532,-1.61217e+08,-3.79041,10621794.9072,50621794.9348,10000000000,2.96,0.04746135,2025-11-11
42,mantle,mnt,Mantle,1.26,4086075293,43,116985741.00,1.34,1.24,-0.0344993275514209,-2.66706,-1.21369e+08,-2.88461,32529455.73684,6219316794.89,6219316794,2.86,0.307978,2025-11-11
43,canton-network,cc,Canton,0.116381,4049737657,44,53461089.00,0.131611,0.096224,-0.0152303326267888,-11.57221,-6.38252e+08,-13.61463,3496233.886,3495135.11479,,0.159483,0.096224,2025-11-11
44,usdt0,usdt0,USDT0,1.0,3794257923,45,240394326.00,1.001,0.998704,4.387e-05,0.00439,1.64655e+08,4.53646,3792725213.529497,3789889696.483571,,1.052,0.975737,2025-11-11
45,susds,susds,sUSDS,1.083,3792212542,46,87181483.00,1.088,1.061,0.007792,0.72452,-1.37866e+08,-3.50796,341719.365258,341719.365258,,1.11,0.961716,2025-11-11
46,bittensor,tao,Bittensor,376.59,3601669203,47,209489423.00,395.82,369.46,6.06,1.63481,3.44535e+07,0.96584,9597491,20,21000000,757.6,30.83,2025-11-11
47,internet-computer,icp,Internet Computer,6.47,3491215809,48,500371941.00,7.18,6.25,-0.301910609332543,-4.45757,-1.631e+08,-4.46322,5396655.4799142,5396655.4799142,,700.65,2.23,2025-11-11
48,near,near,NEAR Protocol,2.71,3460144876,49,552724835.00,2.88,2.64,-0.1171168517280776,-4.14857,-1.52255e+08,-4.21478,12796473,12796471,,20.44,0.526762,2025-11-11
49,aave,aave,Aave,215.02,3279830334,50,487756222.00,231.36,214.23,-2.037415997405674,-0.93864,-3.55365e+07,-1.07187,15268519.5555788,10,16000000,661.69,26.02,2025-11-11
50,paypal-usd,pyusd,PayPal USD,0.999671,3105664369,51,124455001.00,1.001,0.999159,-0.0006696933956568,-0.06695,1.10517e+08,3.68987,35968799.982255,35968799.982255,,1.021,0.959426,2025-11-11
51,bitget-token,bgb,Bitget Token,4.11,2880967069,52,66116051.00,4.18,4.08,0.03119231,0.76399,2.01056e+07,0.70278,6999935.97876,9199935.97876,2000000000,8.45,0.0142795,2025-11-11
52,usd1-wlfi,usd1,USD1,0.999502,2850487855,53,282646878.00,0.999864,0.998714,0.00037196,0.03723,2.68961e+06,0.09445,28527153.8825,28527153.8825,,1.025,0.989633,2025-11-11
53,pump-fun,pump,Pump.fun,0.00453574,2664403093,54,430401451.00,0.00480835,0.00427585,0.0001808,4.15155,1.11502e+09,71.96505,50,999989328155.6686,1000000000000,0.00881908,0.00228323,2025-11-11
54,okb,okb,OKB,125.8,2641159535,55,41776161.00,128.99,124.26,-0.7106617411318439,-0.56175,-1.39772e+07,-0.52642,20,20,21000000,255.5,0.580608,2025-11-11
55,c1usd,c1usd,Currency One USD,1.0,2550503207,56,174860.00,1,0.995026,0.00017698,0.0177,450822,0.01768,25,25,2550000000,1.084,0.963687,2025-11-11
56,blackrock-usd-institutional-digital-liquidity-fund,buidl,BlackRock USD Institutional Digital Liquidity Fund,1.0,2523739820,57,0.00,1,1,0.0,0.0,-2.99376e+08,-10.60445,25237398.1449,25237398.1449,,1,1,2025-11-11
57,pepe,pepe,Pepe,5.99e-06,2515081920,58,379023598.00,6.31e-06,5.94e-06,-8.821614175e-08,-1.45202,-4.74907e+07,-1.85324,460,460,420690000000000,2.803e-05,5.5142e-08,2025-11-11
58,ethereum-classic,etc,Ethereum Classic,16.03,2471146288,59,97432611.00,16.71,15.79,-0.0864489183145806,-0.53651,-1.76094e+07,-0.70756,154283883.7483838,154283883.7483838,210700000,167.09,0.615038,2025-11-11
59,ethena,ena,Ethena,0.326024,2415272982,60,367487073.00,0.3587,0.323463,-0.0047363871152957,-1.43197,-4.78251e+07,-1.94166,74234370,1,,1.52,0.195078,2025-11-11
60,aptos,apt,Aptos,3.22,2324603867,61,337688337.00,3.36,3.16,0.03056408,0.95685,7.59033e+06,0.32759,79936.6636425,1183841441.188864,,19.92,2.41,2025-11-11
61,jito-staked-sol,jitosol,Jito Staked SOL,199.48,2322377148,62,20895290.00,212.16,199.07,-5.972729509385573,-2.90707,-7.80254e+07,-3.25051,116545.44529496,116545.44529496,,339.52,0.57898,2025-11-11
62,aster-2,aster,Aster,1.093,2205541831,63,672763168.00,1.14,1.057,0.03509985,3.31761,7.14601e+07,3.34852,17,,8000000000,2.41,0.099713,2025-11-11
63,tether-gold,xaut,Tether Gold,4097.33,2138081228,64,13007659115.00,4134.67,4077.41,17.27,0.4232,7.6775e+06,0.36038,5289.3,5289.3,,4392.88,1447.84,2025-11-11
64,ondo-finance,ondo,Ondo,0.669952,2111615079,65,78863834.00,0.703501,0.665377,-0.0050768741305065,-0.7521,-1.71191e+07,-0.80419,31597529,0,10000000000,2.14,0.082171,2025-11-11
65,binance-peg-weth,weth,Binance-Peg WETH,3492.86,2106606463,66,72077939.00,3636.3,3473.22,-34.03996158541713,-0.96515,-2.08143e+07,-0.97838,4999.9999588211,4999.9999588211,,4955.78,1394.32,2025-11-11
66,falcon-finance,usdf,Falcon USD,0.999752,2105855248,67,2552550.00,1.002,0.995292,0.00117405,0.11757,448255,0.02129,256234.9801,256234.9801,,1.075,0.943422,2025-11-11
67,jupiter-perpetuals-liquidity-provider-token,jlp,Jupiter Perpetuals Liquidity Provider Token,5.08,2090846314,68,82404163.00,5.24,5.08,-0.07123349058637,-1.3827,-2.58709e+07,-1.22222,411397417.7942,411397417.7942,,5.99,0.146839,2025-11-11
68,wrapped-solana,sol,Wrapped SOL,160.63,2028778920,69,988786916.00,171.57,160.29,-4.85334956012926,-2.9329,-6.90869e+07,-3.2932,12646797.143166,12646797.143166,,290.3,8.11,2025-11-11
69,pi-network,pi,Pi Network,0.230495,1915212781,70,30588113.00,0.235883,0.227821,0.00267403,1.17374,2.26826e+07,1.19853,879529.357794,127814691.31968,100000000000,2.99,0.172081,2025-11-11
70,polygon-ecosystem-token,pol,POL (ex-MATIC),0.176924,1859724026,71,78040520.00,0.184743,0.176108,-0.0018387305848099,-1.02858,-1.91632e+07,-1.01992,534582487.724,534582487.724,,1.29,0.128391,2025-11-11
71,usdtb,usdtb,USDtb,1.0,1832939345,72,251331.00,1.003,0.99562,0.00109714,0.10981,2.10972e+06,0.11523,1833592338.746182,1833577338.746182,,1.057,0.900502,2025-11-11
72,worldcoin-wld,wld,Worldcoin,0.805749,1824142872,73,153155307.00,0.842853,0.791452,-0.0071369386960361,-0.87798,-2.14033e+07,-1.15973,22493867.564782,0,10000000000,11.74,0.583741,2025-11-11
73,filecoin,fil,Filecoin,2.41,1710539789,74,572822439.00,2.63,2.34,-0.0996540455597689,-3.97418,-6.81205e+07,-3.82988,76413,1958821474,1958821474,236.84,0.848008,2025-11-11
74,kucoin-shares,kcs,KuCoin,13.14,1700802415,75,7267810.00,13.36,13.07,-0.0515614717540557,-0.39087,-1.03613e+07,-0.60551,129728856.7355671,142228856.7355671,,28.83,0.342863,2025-11-11
75,htx-dao,htx,HTX DAO,1.82e-06,1694504596,76,13471210.00,1.82e-06,1.8e-06,1.7152e-08,0.95046,1.59932e+07,0.95282,9149437822426,9149437822426,999990000000000,3.75e-06,8.00816e-07,2025-11-11
76,official-trump,trump,Official Trump,8.2,1639399594,77,1279554403.00,9.5,8.17,-0.7327299012771036,-8.20304,-1.44453e+08,-8.09782,19999997387224,,1000000000,73.43,4.29,2025-11-11
77,algorand,algo,Algorand,0.182396,1601477736,78,90044605.00,0.191236,0.179005,-0.0026869958629058,-1.45178,-2.51721e+07,-1.54748,8793277512.631683,8793395926.6284,10000000000,3.56,0.087513,2025-11-11
78,arbitrum,arb,Arbitrum,0.286031,1571964839,79,204022340.00,0.311549,0.284446,-0.0074097575161252,-2.52513,-4.91436e+07,-3.03148,59691911,0,10000000000,2.39,0.209573,2025-11-11
79,vechain,vet,VeChain,0.01828323,1563094018,80,52975080.00,0.0180025,0.0170222,0.00122543,7.18397,9.71585e+07,6.62774,859841177,859841177,86712634466,0.280991,0.00191713,2025-11-11
80,rocket-pool-eth,reth,Rocket Pool ETH,4012.9,1520576955,81,34546132.00,4167.42,3989.25,-17.30019390601319,-0.42926,-2.62678e+07,-1.69815,3324.57553877,3324.57553877,,5618.08,887.26,2025-11-11
81,binance-staked-sol,bnsol,Binance Staked SOL,174.04,1476731823,82,3212624.00,185.64,173.15,-5.550086209019412,-3.09036,-2.84919e+07,-1.89287,86427.15588457,86427.15588457,,297.96,100.21,2025-11-11
82,hash-2,hash,Provenance Blockchain,0.02881682,1465928394,83,5642.74,0.0319622,0.0282683,-0.0031412035869099,-9.82916,-1.09957e+08,-6.97746,9749482,,100000000000,0.060147,0.01378736,2025-11-11
83,cosmos,atom,Cosmos Hub,3.07,1461050605,84,82062721.00,3.14,2.99,0.02191333,0.71955,7.24244e+06,0.49817,4775325.7457,477594181.4975,,44.45,1.16,2025-11-11
84,gatechain-token,gt,Gate,11.9,1396834849,85,4666182.00,12.32,11.81,-0.1185202576787549,-0.9862,-1.25474e+07,-0.89028,117344473.531142,0,,25.94,0.25754,2025-11-11
85,kaspa,kas,Kaspa,0.05148,1376458079,86,40642300.00,0.053809,0.05095,-0.0003952896948275,-0.762,-1.34522e+07,-0.96784,267771486.726,2664937449219,28704026601,0.207411,0.00017105,2025-11-11
86,pax-gold,paxg,PAX Gold,4101.5,1367145326,87,181284971.00,4136.32,4084.74,16.74,0.40977,6.72412e+06,0.49427,333354.594,333354.594,,4448.72,1399.64,2025-11-11
87,kinetic-staked-hype,khype,Kinetiq Staked HYPE,39.86,1352862846,88,36267787.00,42.31,39.69,-1.2142317904636997,-2.95637,-5.18466e+07,-3.69091,3597.38212682,3597.38212682,,59.44,29.77,2025-11-11
88,bfusd,bfusd,BFUSD,0.999664,1319684465,89,8980351.00,0.999899,0.999419,-7.2786357164012e-05,-0.00728,2655.1,0.0002,13,13,,1.007,0.99712,2025-11-11
89,binance-bridged-usdc-bnb-smart-chain,usdc,Binance Bridged USDC (BNB Smart Chain),0.999007,1288126445,90,1003470937.00,1.002,0.998357,-0.0016127636983536,-0.16118,1.27498e+06,0.09908,1288999879.8394,1288999879.8394,,1.031,0.942892,2025-11-11
90,syrupusdt,syrupusdt,syrupUSDT,1.1,1284150776,91,561065.00,1.1,1.1,0.00152319,0.13841,1.4154e+07,1.11449,11656948.344336,11656948.344336,,1.11,1.093,2025-11-11
91,wbnb,wbnb,Wrapped BNB,976.32,1272848031,92,528283588.00,1006.25,973.25,-3.069638901780877,-0.31342,-1.89779e+06,-0.14888,1371928311586,1371928311586,,1372.03,23.6,2025-11-11
92,kelp-dao-restaked-eth,rseth,Kelp DAO Restaked ETH,3693.07,1270775997,93,198375.00,3834.65,3660.13,-19.79038370585522,-0.53302,-1.08432e+07,-0.84606,345131.15955219,345131.15955219,,5190.42,1029.61,2025-11-11
93,render-token,render,Render,2.43,1257032503,94,105715837.00,2.63,2.38,-0.1891695562607922,-7.22112,-1.01268e+08,-7.45547,518584616.16741,533344789.44741,644245094,13.53,0.03665669,2025-11-11
94,quant-network,qnt,Quant,85.86,1248523497,95,17702267.00,87.19,82.68,2.55,3.0639,3.70424e+07,3.05761,14544176.1681177,14612493,14612493,427.42,0.215773,2025-11-11
95,ignition-fbtc,fbtc,Function FBTC,103181.0,1232146742,100,243050.00,107699,101438,-826.6684765421523,-0.79481,-1.8798e+07,-1.5027,11956.148546,11956.148546,,127954,11469.83,2025-11-11
96,sky,sky,Sky,0.053389,1221853222,96,14581395.00,0.058481,0.053067,-0.0015275653239526,-2.78159,-3.88834e+07,-3.08418,22914967436.64112,23462665147.36596,23462665147,0.100535,0.03582727,2025-11-11
97,syrupusdc,syrupusdc,syrupUSDC,1.14,1217338511,97,5289784.00,1.14,1.13,0.00018625,0.0164,2.07023e+07,1.73004,719313.1313,719313.1313,,1.14,1.055,2025-11-11
98,flare-networks,flr,Flare,0.01553592,1217057672,98,9399686.00,0.0165052,0.0155015,-0.0006934332616824,-4.27271,-5.3977e+07,-4.24669,783468642.36,428487.1871,,0.150073,0.00827405,2025-11-11
99,lombard-staked-btc,lbtc,Lombard Staked BTC,103427.0,1216068909,99,13737624.00,107161,103270,-1280.4865119400638,-1.22292,-3.75257e+07,-2.99345,11772.151146,11772.151146,,125812,52119,2025-11-11
100,story-2,ip,Story,3.73,1204964051,101,45246777.00,4.02,3.63,0.087081,2.39066,2.76017e+07,2.34437,3232143334,17597257.84,,14.78,1,2025-11-11
101,liquid-staked-ethereum,lseth,Liquid Staked ETH,3751.69,1180841836,102,124112.00,3909.2,3745.11,-56.76282904227219,-1.49044,-1.7353e+07,-1.44826,314748.9684733681,314748.9684733681,,5334.09,1384.61,2025-11-11
102,sei-network,sei,Sei,0.182218,1135027104,103,153749719.00,0.192479,0.178993,-0.0012842797720687,-0.69987,-9.31053e+06,-0.81362,6248888888,0,,1.14,0.095364,2025-11-11
103,jupiter-exchange-solana,jup,Jupiter,0.351284,1129766105,104,45297061.00,0.371846,0.347796,-0.0021829647482643,-0.61759,-1.09401e+07,-0.95906,3218688888.86,699099.779887,10000000000,2,0.212468,2025-11-11
104,nexo,nexo,NEXO,1.084,1083627647,105,10139168.00,1.14,1.074,-0.0299950839679925,-2.69262,-3.23428e+07,-2.89818,,,1000000000,4.07,0.04515276,2025-11-11
105,xdce-crowd-sale,xdc,XDC Network,0.060636,1075946487,106,38022434.00,0.062646,0.060352,-0.0003088700174488,-0.5068,-6.4813e+06,-0.59877,17756741879.6,332318537.5,,0.192754,0.00039532,2025-11-11
106,renzo-restaked-eth,ezeth,Renzo Restaked ETH,3712.86,1070015555,107,881371.00,3861.41,3692.44,-28.41424943833636,-0.75948,-1.05592e+07,-0.97718,288418.285376,288418.285376,,5227.06,1454.43,2025-11-11
107,global-dollar,usdg,Global Dollar,0.999766,1066085452,108,25246033.00,1,0.99968,-0.0001571160474462,-0.01571,-193054,-0.01811,66315295.772334,66315295.772334,,1.65,0.907561,2025-11-11
108,bonk,bonk,Bonk,1.291e-05,1059558285,109,149531079.00,1.366e-05,1.285e-05,-1.85678023826e-07,-1.41757,-1.72317e+07,-1.60029,821869684274272,879952875657.31,87995302875657,5.825e-05,8.6142e-08,2025-11-11
109,morpho,morpho,Morpho,2.0,1050985602,111,25748797.00,2.05,1.99,0.00430368,0.21581,-218726,-0.02081,5258891.6921722,,1000000000,4.17,0.713151,2025-11-11
110,ripple-usd,rlusd,Ripple USD,0.99987,1050236340,110,118788708.00,1.001,0.999169,-0.0003259584359637,-0.03259,-69725.1,-0.00664,1982.539998,1982.539998,,1.073,0.962292,2025-11-11
111,aerodrome-finance,aero,Aerodrome Finance,1.16,1045300889,113,242196347.00,1.28,1.037,0.124471,12.00371,1.09102e+08,11.65378,224.2425916,171856.0866,,2.32,1.861e-05,2025-11-11
112,solv-btc,solvbtc,Solv Protocol BTC,103401.0,1044730798,112,231248.00,106651,103219,-959.992312445378,-0.91987,-8.65673e+06,-0.8218,3.64777555392,3.64777555392,21000000,125693,49058,2025-11-11
113,hashnote-usyc,usyc,Circle USYC,1.11,987098100,114,3415.62,nan,nan,,,nan,,8929956.789742,8929956.789742,,1.12,1.026,2025-11-07
114,first-digital-usd,fdusd,First Digital USD,0.99655,983810619,115,1734955839.00,1,0.994972,-0.0005969359842543,-0.05986,3.24413e+06,0.33084,986192811.961682,986192811.961682,,1.15,0.940377,2025-11-11
115,pudgy-penguins,pengu,Pudgy Penguins,0.01545907,970244454,116,180199965.00,0.0165051,0.0153632,-0.0002164665637668,-1.38092,-1.46758e+07,-1.49005,62839,7931215.68387,88888888888,0.068447,0.00371517,2025-11-11
116,fetch-ai,fet,Artificial Superintelligence Alliance,0.357325,929825871,117,327855063.00,0.387184,0.33325,0.02301011,6.88276,5.81873e+07,6.67562,24849776.672,2714384546.672,2714384546,3.45,0.00816959,2025-11-11
117,virtual-protocol,virtual,Virtuals Protocol,1.38,903082431,118,553343045.00,1.49,1.35,-0.0366858165308381,-2.58766,-2.64811e+07,-2.84876,658.5934123,,1000000000,5.07,0.00748604,2025-11-11
118,pancakeswap-token,cake,PancakeSwap,2.63,888494941,119,267465940.00,2.79,2.46,0.162662,6.5986,5.40892e+07,6.48237,3384313.93824,3593479.92683,450000000,43.96,0.194441,2025-11-11
119,immutable-x,imx,Immutable,0.45088,885104509,120,56725100.00,0.503682,0.441686,0.0090861,2.05664,1.53888e+07,1.7694,19644557.389814,,2000000000,9.52,0.334412,2025-11-11
120,dash,dash,Dash,69.2,862885548,121,373203119.00,78.53,66.37,-9.206553940947842,-11.74274,-1.16462e+08,-11.89181,124796.842189,124796.817217,18920000,1493.59,0.213899,2025-11-11
121,mantle-staked-ether,meth,Mantle Staked Ether,3762.81,858031056,122,2307862.00,3920.61,3752.15,-28.70547782342919,-0.7571,-2.20068e+07,-2.50067,2287.35874563,2287.35874563,,5312.55,1485.62,2025-11-11
122,arbitrum-bridged-wbtc-arbitrum-one,wbtc,Arbitrum Bridged WBTC (Arbitrum One),103508.0,837731073,123,145959092.00,107187,103142,-1227.9993486649182,-1.17247,-1.15653e+07,-1.36175,81.43661276,81.43661276,,126226,49594,2025-11-11
123,celestia,tia,Celestia,0.994637,830418458,125,122162714.00,1.056,0.970286,-0.0026904010843302,-0.26976,-3.7936e+06,-0.45475,8371391.274847,11517659.766778,,20.85,0.510806,2025-11-11
124,clbtc,clbtc,clBTC,107339.0,828998798,124,3.97,107339,105511,1827.54,1.73209,1.9925e+07,2.46269,7723.2101,7723.2101,,129190,51493,2025-11-11
125,optimism,op,Optimism,0.424454,803608742,126,128994660.00,0.451649,0.421853,-0.0029682121118628,-0.69444,-7.02858e+06,-0.86704,189657,4294967296,4294967296,4.84,0.322746,2025-11-11
126,fasttoken,ftn,Fasttoken,1.83,793342494,127,2431897.00,2.01,1.81,0.00749752,0.41149,3.50144e+06,0.44331,433584829.8,8742437,1000000000,4.61,0.398142,2025-11-11
127,blockstack,stx,Stacks,0.43871,791617476,128,31047674.00,0.439222,0.418047,0.02066319,4.9428,3.54018e+07,4.68144,189425.93221,189425.93221,,3.86,0.04559639,2025-11-11
128,rain,rain,Rain,0.00331084,785858815,131,2961564.00,0.00344931,0.00329432,-3.5858987411219e-05,-1.07147,7.85859e+08,0.0,2373596445.6988,1149976288456.219,1150000000000,0.00448189,0.00222126,2025-11-11
129,superstate-short-duration-us-government-securities-fund-ustb,ustb,Superstate Short Duration U.S. Government Securities Fund (USTB),10.88,785819668,129,0.00,10.88,10.88,0.0,0.0,2.36709e+07,3.10581,721944212928,721944212928,,10.88,10.29,2025-11-11
130,ousg,ousg,OUSG,113.24,783405712,130,0.00,113.24,113.22,0.023104,0.02041,159830,0.02041,6917843.39234,6917843.39234,,113.24,95.09,2025-11-11
131,injective-protocol,inj,Injective,7.74,772976729,132,159576488.00,8.47,7.64,-0.1049993381350313,-1.33908,-1.1431e+07,-1.45728,0,0,,52.62,0.657401,2025-11-11
132,jupiter-staked-sol,jupsol,Jupiter Staked SOL,184.6,765073325,133,8772074.00,196.84,184.19,-5.797019764324887,-3.04477,-2.72039e+07,-3.43364,4151961.4557297,4151961.4557297,,309.67,105.7,2025-11-11
133,starknet,strk,Starknet,0.163364,743887447,134,402691868.00,0.187764,0.156311,-0.0238208016812104,-12.72582,-1.17649e+08,-13.65573,450668.348971,0,10000000000,4.41,0.082871,2025-11-11
134,lido-dao,ldo,Lido DAO,0.835785,743540435,135,151153702.00,0.906035,0.826568,0.00527148,0.63473,4.7429e+06,0.64198,8594521.18514,,1000000000,7.3,0.40615,2025-11-11
135,stakewise-v3-oseth,oseth,StakeWise Staked ETH,3636.99,708949515,136,4216046.00,3794.07,3615.32,-24.20490133397652,-0.66112,-6.03569e+08,-45.98557,195187.2645515,195187.2645515,,5206.8,1459.73,2025-11-11
136,the-graph,grt,The Graph,0.066505,702341528,137,30602202.00,0.069838,0.065675,-0.0005780310779399,-0.86166,-6.99238e+06,-0.98577,574354869.54265,02628164821,10800262823,2.84,0.04626017,2025-11-11
137,curve-dao-token,crv,Curve DAO,0.491227,698130633,138,221550909.00,0.540227,0.483139,0.00808752,1.67395,1.08183e+07,1.574,1423383175,232119592147,3030303031,15.37,0.180354,2025-11-11
138,ondo-us-dollar-yield,usdy,Ondo US Dollar Yield,1.1,686979599,139,3923330.00,1.11,1.062,-0.0080723098829436,-0.72748,-5.03938e+06,-0.72821,623652164.062,6244123.783,,1.26,0.934184,2025-11-11
139,cgeth-hashkey-cloud,cgeth.hashkey,cgETH Hashkey Cloud,3284.93,656753748,140,10.46,nan,nan,,,nan,,1999292,1999292,,4746.13,1362.23,2025-11-08
140,tezos,xtz,Tezos,0.614743,653599941,141,33444906.00,0.638348,0.608929,-0.0115399549723343,-1.84261,-1.36684e+07,-2.04842,649538.7944,8104.982458,,9.12,0.350476,2025-11-11
141,doublezero,2z,DoubleZero,0.186245,644621601,142,19421915.00,0.195925,0.182859,-0.0035357010790528,-1.86305,-1.41853e+07,-2.15319,34714170,0,10000000000,0.893679,0.150956,2025-11-11
142,spx6900,spx,SPX6900,0.687706,638207733,143,26247564.00,0.750329,0.67258,-0.0232755046575164,-3.27371,-2.40572e+07,-3.63257,999.97896,999.97896,1000000000,2.27,0.00131808,2025-11-11
143,conflux-token,cfx,Conflux,0.121741,627363576,144,133295183.00,0.136072,0.097167,0.02247878,22.64578,1.15326e+08,22.52288,515329386928522,5726267342.156834,,1.7,0.02199898,2025-11-11
144,tbtc,tbtc,tBTC,103642.0,617204293,145,14537979.00,107264,103144,-1122.917594867744,-1.07185,-5.99332e+06,-0.9617,5963.45892723,5963.46992723,,125646,10104.3,2025-11-11
145,l2-standard-bridged-weth-base,weth,L2 Standard Bridged WETH (Base),3498.85,616452509,146,875016843.00,3631.45,3471.46,-19.183367400366933,-0.54529,1.40522e+07,2.3327,1768629858969,1768629858969,,4952.69,1394.17,2025-11-11
146,iota,iota,IOTA,0.148322,610836359,149,14801489.00,0.151653,0.14452,0.00325497,2.24376,1.20967e+07,2.02036,4127188948,47459499,,5.25,0.081637,2025-11-11
147,beldex,bdx,Beldex,0.08134,608708650,147,10486416.00,0.084602,0.080831,0.00037003,0.457,3.24743e+06,0.53636,7477395268.782591,9938375331.159924,,0.450785,0.00027519,2025-11-11
148,soon-2,soon,SOON,2.15,608131315,148,62503292.00,2.45,1.96,0.169424,8.54995,4.69759e+07,8.37127,2638347.63296443,983627481.18852,,2.77,0.130374,2025-11-11
149,pyth-network,pyth,Pyth Network,0.105509,605086925,150,32556106.00,0.111418,0.103446,-0.0006451244924964,-0.60773,-6.95897e+06,-1.137,5749982981.18,0,10000000000,1.2,0.06672,2025-11-11
150,msol,msol,Marinade Staked SOL,214.62,602417151,151,7184026.00,229.29,214.22,-6.721568761996252,-3.03668,-2.07723e+07,-3.33323,29914,29915,2809915,363.77,8.93,2025-11-11
151,floki,floki,FLOKI,6.18e-05,596112158,152,64887332.00,6.567e-05,6.127e-05,-7.36326052402e-07,-1.17752,-8.12155e+06,-1.34411,9658117462463,,10000000000000,0.00034495,8.428e-08,2025-11-11
152,kaia,kaia,Kaia,0.101456,593942572,153,40973950.00,0.105605,0.100676,-4.6156644958259e-05,-0.04547,1.57889e+06,0.26654,5856641747.6198,585664193644253,,0.406698,0.055452,2025-11-11
153,polygon-pos-bridged-dai-polygon-pos,dai,Polygon PoS Bridged DAI (Polygon POS),0.999845,584816569,154,15700539.00,1,0.999511,0.00011562,0.01156,1.09074e+06,0.18686,5849624.19397,5849624.19397,,1.025,0.957024,2025-11-11
154,usdai,usdai,USDai,1.004,580774391,155,2356180.00,1.006,1.002,0.00041559,0.04141,323274,0.05569,578429978.2239212,578429978.2239212,,1.19,0.769779,2025-11-11
155,bridged-usdc-polygon-pos-bridge,usdc.e,Polygon Bridged USDC (Polygon PoS),0.999801,579298169,156,44306915.00,0.999997,0.999639,1.99e-06,0.0002,-8.53594e+06,-1.4521,5794742.561131,5794742.561131,,1.028,0.975633,2025-11-11
156,arbitrum-bridged-weth-arbitrum-one,weth,Arbitrum Bridged WETH (Arbitrum One),3494.39,556711103,157,432995232.00,3633.17,3474.13,-22.20662872973253,-0.63148,-1.59538e+07,-2.7859,159746.62432528,159746.62432528,,4952.19,1395.31,2025-11-11
157,ether-fi,ethfi,Ether.fi,0.986136,554728803,158,69939139.00,1.039,0.95325,0.00740993,0.7571,2.9165e+06,0.52853,563959848,998535999,1000000000,8.53,0.40432,2025-11-11
158,sonic-3,s,Sonic,0.145851,550091005,159,77932780.00,0.153351,0.143554,-0.0040660452766792,-2.71219,-1.73154e+07,-3.05167,3784775845,3885497663,,1.029,0.10875,2025-11-11
159,ether-fi-liquid-eth,liquideth,Ether.Fi Liquid ETH,3697.34,548548870,160,27506.00,3869.9,3670.3,-8.089572151649463,-0.21832,1.2965e+06,0.23691,148263.28167497,148263.28167497,,4507.99,3277.14,2025-11-11
160,ethereum-name-service,ens,Ethereum Name Service,14.47,545966653,161,79688078.00,15.6,14.22,0.243058,1.70879,6.63909e+06,1.23099,37813289.821915,0,100000000,83.4,6.69,2025-11-11
161,usual-usd,usd0,Usual USD,0.998478,540719392,162,352452.00,1,0.997155,0.00016832,0.01686,-125307,-0.02317,541812278.95365,541812278.95365,,1.33,0.962885,2025-11-11
162,plasma,xpl,Plasma,0.286071,539469096,163,232162364.00,0.324777,0.276972,-0.0178988715323065,-5.88836,-3.4338e+07,-5.98424,1888888888.8889,0,,1.68,0.229687,2025-11-11
163,stader-ethx,ethx,Stader ETHx,3753.78,538006466,164,133287.00,3901.3,3728.74,-17.0880015501225,-0.45316,-2.52014e+06,-0.46624,143445.676606,143445.676606,,5253.42,1474.49,2025-11-11
164,gteth,gteth,GTETH,3488.42,536589388,165,607231.00,3634.54,3466.07,-20.54999845314751,-0.58564,-2.60142e+06,-0.48247,1538,1538,,4751.71,3083.74,2025-11-11
165,the-sandbox,sand,The Sandbox,0.204665,534656839,166,53537868.00,0.213657,0.201446,0.00145973,0.71835,2.28505e+06,0.42922,2613289192.2233224,,3000000000,8.4,0.02897764,2025-11-11
166,decred,dcr,Decred,31.1,532110113,167,23153314.00,34.29,29.98,-2.0267646516689446,-6.11901,-3.34876e+07,-5.92074,171153.558669,17117171.98737189,21000000,247.35,0.43154,2025-11-11
167,trust-wallet-token,twt,Trust Wallet,1.26,525994722,168,29543754.00,1.32,1.25,-0.0118103551096937,-0.92636,-5.00164e+06,-0.94194,4166490,,,2.72,0.00277641,2025-11-11
168,syrup,syrup,Maple Finance,0.449508,510229221,169,39026149.00,0.483659,0.44486,-0.0303357132235275,-6.322,-3.6058e+07,-6.60056,1138658593.2985315,1216127147.998563,,0.653229,0.085229,2025-11-11
169,mantle-bridged-usdt-mantle,usdt,Mantle Bridged USDT (Mantle),0.99872,506873618,170,1399640.00,1.011,0.987646,0.00158268,0.15872,-88923.2,-0.01754,89586.249864,89586.249864,,1.26,0.517934,2025-11-11
170,true-usd,tusd,TrueUSD,0.997842,493757967,171,17664638.00,0.999977,0.99596,0.00057591,0.05775,537461,0.10897,4945183,4945183,,1.62,0.88355,2025-11-11
171,bitcoin-cash-sv,bsv,Bitcoin SV,24.75,493173921,172,11724335.00,25.99,24.62,-0.6450661328614551,-2.5399,-1.31582e+07,-2.59872,19945912.5,19945925,21000000,489.75,18.95,2025-11-11
172,theta-token,theta,Theta Network,0.48447,483538655,173,20446383.00,0.497573,0.468233,0.01176189,2.48819,1.0621e+07,2.24584,,,1000000000,15.72,0.04039979,2025-11-11
173,dogwifcoin,wif,dogwifhat,0.478942,477622893,174,140834662.00,0.505811,0.475776,-0.0048871081524684,-1.01009,-5.63435e+06,-1.16591,998926392,998926392,998926392,4.83,0.00155464,2025-11-11
174,gala,gala,GALA,0.0102621,477359881,175,74564394.00,0.0108086,0.0100672,-2.9732277192315e-05,-0.28889,-2.14855e+06,-0.44807,46563224823.22691,465632431.477,50000000000,0.824837,0.00013475,2025-11-11
175,newton-project,ab,AB,0.00550747,474774284,176,12278395.00,0.00553183,0.00549484,-4.991038142596e-06,-0.09054,-1.02037e+06,-0.21446,86268974187.95,98823661261.46,100000000000,0.01727373,3.8e-06,2025-11-11
176,myx-finance,myx,MYX Finance,2.46,468745882,177,36162495.00,2.61,2.31,-0.0325292612896248,-1.30698,-7.37018e+06,-1.54798,1768939.69,,1000000000,19.03,0.04700553,2025-11-11
177,coinbase-wrapped-staked-eth,cbeth,Coinbase Wrapped Staked ETH,3843.39,467743197,179,9100957.00,3995.94,3821.82,-26.590524668118174,-0.6871,-3.45071e+06,-0.73233,121886.9583758869,373334782232124,,5441.47,1036.96,2025-11-11
178,bittorrent,btt,BitTorrent,4.74415e-07,466692901,178,11766017.00,4.83282e-07,4.73322e-07,-1.341235262e-09,-0.28192,-2.26243e+06,-0.48244,986114285,9,990000000000000,3.43e-06,3.65368e-07,2025-11-11
179,jasmycoin,jasmy,JasmyCoin,0.00962797,465990889,180,39944055.00,0.0101948,0.00954393,-0.0001317467205116,-1.3499,-5.88613e+06,-1.24739,48419999999.58,0,50000000000,4.79,0.00275026,2025-11-11
180,sweth,sweth,Swell Ethereum,3842.51,465741820,181,174867.00,3958.71,3817.63,0.162982,0.00424,-1.55592e+06,-0.33296,121323957477,121326.478319651,,5370.2,1516.13,2025-11-11
181,pendle,pendle,Pendle,2.77,464282441,182,70892325.00,2.96,2.75,-0.0131119026631054,-0.47046,-4.35659e+06,-0.92963,1675292.51392,281527448.4585314,281527448,7.5,0.03377729,2025-11-11
182,ether-fi-staked-eth,eeth,ether.fi Staked ETH,3489.7,463907034,183,67992.00,3628.15,3469.87,-19.155758484461785,-0.54593,9.81582e+06,2.16164,1366.343578465,2755175.936759339,,5307.23,975.47,2025-11-11
183,flow,flow,Flow,0.285653,462485523,184,14545158.00,0.289191,0.279015,0.0052889,1.88644,9.94022e+06,2.19651,16466123.519673,16466123.519673,,42.4,0.156967,2025-11-11
184,steakhouse-usdc-morpho-vault,steakusdc,Steakhouse USDC Morpho Vault,1.11,461028794,185,0.00,1.11,1.11,-8.9135588557721e-05,-0.00805,-1.45055e+07,-3.05035,416357835.1139495,415895741133511,,9.61,1.034,2025-11-11
185,vaulta,a,Vaulta,0.287705,460823728,186,46879491.00,0.300252,0.283272,-0.001070621212139,-0.37074,-5.65377e+06,-1.21201,12892152.3394,20,2100000000,0.778734,0.210085,2025-11-11
186,sbtc-2,sbtc,sBTC,104528.0,456219990,187,99015.00,108365,103088,523.55,0.50339,-1.19188e+06,-0.26057,4381.5523387,4381.5523387,,209313,50597,2025-11-11
187,binance-peg-dogecoin,doge,Binance-Peg Dogecoin,0.176173,451976891,188,4142902.00,0.184814,0.175697,-0.002064482299083,-1.15828,-5.62801e+06,-1.22988,2564517999.733218,2564517999.733218,,0.480585,0.04955727,2025-11-11
188,decentraland,mana,Decentraland,0.233072,446751858,190,27880321.00,0.240598,0.227189,0.00244581,1.06051,3.27208e+06,0.73782,1919147688.338888,2193179327.3146,2193179327,5.85,0.00923681,2025-11-11
189,benqi-liquid-staked-avax,savax,BENQI Liquid Staked AVAX,21.73,445927275,189,1340066.00,22.81,21.59,-0.1574765294507187,-0.71959,-3.77434e+06,-0.8393,5583484763668,5583484763668,,103.55,9.25,2025-11-11
190,helium,hnt,Helium,2.37,441004076,191,7911328.00,2.54,2.36,-0.0738026196698418,-3.02266,-1.37177e+07,-3.01673,186321438597,220,223000000,54.88,0.113248,2025-11-11
191,gho,gho,GHO,0.999693,437908429,192,12347111.00,1,0.998243,0.00035677,0.0357,125698,0.02871,43811.81765,43811.81765,,1.03,0.917065,2025-11-11
192,ark-3,ark,ARK,40.78,436185133,194,13025934.00,41.28,39.8,0.267109,0.6594,5.42468e+06,1.25933,697311.13446674,697311.13446674,,41.28,34.07,2025-11-11
193,bitcoin-avalanche-bridged-btc-b,btc.b,Avalanche Bridged BTC (Avalanche),103514.0,435743069,193,59345126.00,107128,103318,-1487.4425924749812,-1.41659,-3.84052e+07,-8.09984,4216.53813272,4216.013272,,125862,7806.11,2025-11-11
194,sun-token,sun,Sun Token,0.02248775,431262969,195,17191281.00,0.0225342,0.0224249,2.002e-05,0.08909,343688,0.07976,1917781572499,19070,,66.45,0.00462303,2025-11-11
195,raydium,ray,Raydium,1.57,420626066,196,94079636.00,1.71,1.52,0.050953,3.35535,1.32739e+07,3.25858,26825462865973,550,555000000,16.83,0.134391,2025-11-11
196,eutbl,eutbl,Spiko EU T-Bills Money Market Fund,1.21,413405195,197,0.00,1.21,1.2,0.00476741,0.39619,1.56197e+06,0.37926,3421612.297,3421612.297,,1.24,1.011,2025-11-11
197,usdd,usdd,USDD,0.999675,408346544,198,12382598.00,0.99994,0.998118,-0.000185311342966,-0.01853,-4.84803e+06,-1.1733,8449364,6935568,,1.052,0.928067,2025-11-11
198,wrapped-hype,whype,Wrapped HYPE,39.55,406609273,199,139179626.00,42.17,39.51,-1.4062100856620037,-3.43314,-8.57694e+06,-2.06581,263253.185826,263253.185826,,59.06,9.43,2025-11-11
199,usdb,usdb,USDB,0.998572,405465455,200,999568.00,1.024,0.976118,0.00317652,0.31912,2.89266e+06,0.71854,46631.505,46631.505,,1.088,0.831432,2025-11-11
200,apenft,nft,AINFT,4.0314e-07,399140401,201,36045802.00,4.03849e-07,4.00692e-07,-7.0878024e-10,-0.17551,-246560,-0.06173,95667256391.6,95667256391.6,999990000000000,7.53e-06,2.98737e-07,2025-11-11
201,merlin-chain,merl,Merlin Chain,0.379141,398659033,202,32376042.00,0.381867,0.339142,0.0291313,8.323,3.02483e+07,8.21049,519778,20,2100000000,1.45,0.071472,2025-11-11
202,concordium,ccd,Concordium,0.03353004,393222936,203,1308400.00,0.0348556,0.0311923,0.00106238,3.27212,1.25507e+07,3.29698,11732227624.84738,141459578.581,,0.149407,0.00262306,2025-11-11
203,zksync,zk,ZKsync,0.054278,391598020,204,108305161.00,0.05972,0.052897,-0.0040700397520943,-6.97549,-3.04555e+07,-7.21603,7231769682.371818,2,21000000000,0.320983,0.02449451,2025-11-11
204,arbitrum-bridged-wrapped-eeth,weeth,Arbitrum Bridged Wrapped eETH (Arbitrum),3766.03,387930302,205,885913.00,3911.76,3746.3,-23.766318621546816,-0.62711,-2.87655e+06,-0.73606,07.82693983,07.82693983,,5118.5,3333.92,2025-11-11
205,mimblewimblecoin,mwc,MimbleWimbleCoin,35.11,385943452,206,146856.00,35.44,34.57,0.18984,0.54361,2.01693e+06,0.52534,993899.694,993977.694,20000000,38.81,0.298733,2025-11-11
206,neo,neo,NEO,5.34,375751376,208,22172648.00,5.45,5.19,0.0393591,0.74285,2.4174e+06,0.64752,50,0,,198.38,0.078349,2025-11-11
207,polygon-pos-bridged-weth-polygon-pos,weth,Polygon PoS Bridged WETH (Polygon POS),3491.31,375400511,207,15541246.00,3628.86,3472.22,-33.67394893786832,-0.95529,-4.08674e+06,-1.07691,76.93595376,76.93595376,,4948.98,1390.73,2025-11-11
208,ribbita-by-virtuals,tibbir,Ribbita by Virtuals,0.371068,371167938,209,16962137.00,0.393709,0.324083,0.0245104,7.07253,2.45991e+07,7.09788,,,1000000000,0.440027,0.01032004,2025-11-11
209,astherus-staked-bnb,asbnb,Aster Staked BNB,1036.98,368793961,210,129971.00,1065.66,1029.38,1.7,0.16404,779215,0.21173,355641.7361151271,355641.7361151271,,1446.58,326.84,2025-11-11
210,just,jst,JUST,0.03699113,366194257,211,24493238.00,0.0374704,0.0366744,6.807e-05,0.18435,708131,0.19375,90,90,9900000000,0.193254,0.00476275,2025-11-11
211,aethir,ath,Aethir,0.02570586,365817328,212,22881852.00,0.0268733,0.0253242,0.00031837,1.25406,4.44659e+06,1.23048,14234731752,4,42000000000,0.118536,0.02264661,2025-11-11
212,dexe,dexe,DeXe,6.34,362317642,213,5205322.00,6.48,6.21,0.050562,0.80345,3.01761e+06,0.83986,573774.563177,964599.339451,,32.38,0.671563,2025-11-11
213,apecoin,ape,ApeCoin,0.393371,357064498,214,33716786.00,0.414534,0.386613,0.0048806,1.2563,2.53661e+06,0.71549,8664773,,1000000000,26.7,0.180437,2025-11-11
214,zebec-network,zbcn,Zebec Network,0.00375686,356237366,215,18459559.00,0.00379559,0.00333816,0.00036613,10.79792,3.28824e+07,10.16915,94826744443.68,999976436.3868,100000000000,0.00700261,0.00069854,2025-11-11
215,frax-ether,frxeth,Frax Ether,3444.69,353422529,216,2584065.00,3581.5,3425.09,-13.959421143762938,-0.40361,-2.24241e+06,-0.63048,27.73753,27.73753,,4906.89,1137.25,2025-11-11
216,eigenlayer,eigen,EigenCloud (prev. EigenLayer),0.811364,352061754,217,69333235.00,0.853658,0.79702,-0.0059951018349903,-0.73347,-4.10765e+06,-1.15329,436311561.49961,176298351675956,,5.65,0.668501,2025-11-11
217,mantle-restaked-eth,cmeth,Mantle Restaked ETH,3759.12,346263705,218,8423556.00,3917.48,3743.72,-30.225226044462037,-0.79764,-8.37412e+06,-2.36131,92159.457786,92159.457786,,5306.91,1480.7,2025-11-11
218,swissborg,borg,SwissBorg,0.351668,345177427,221,869024.00,0.361579,0.343921,-0.0013161465188079,-0.37286,-1.55053e+06,-0.44719,982252443.442,982252443.442,1000000000,1.64,0.00502687,2025-11-11
219,olympus,ohm,Olympus,21.06,344776702,220,519444.00,21.49,20.91,-0.1606213873893196,-0.75676,-2.80541e+06,-0.80712,16376217.366388,9712.703137,20971260,1415.26,7.54,2025-11-11
220,walrus-2,wal,Walrus,0.227659,343436784,219,25761070.00,0.235365,0.220537,0.00395267,1.76691,4.57522e+06,1.35017,1511666667,,5000000000,0.759179,0.157515,2025-11-11
221,chiliz,chz,Chiliz,0.03396696,342690520,222,24251979.00,0.0347121,0.0334097,2.15e-05,0.06335,427168,0.12481,09413,09413,,0.878633,0.00410887,2025-11-11
222,unit-bitcoin,ubtc,Unit Bitcoin,103532.0,338257679,223,112113652.00,107039,103200,-1420.150710661168,-1.35315,-6.17735e+06,-1.79347,3272.759931,999999.999931,21000000,126087,73355,2025-11-11
223,basic-attention-token,bat,Basic Attention,0.224402,335307001,224,38984563.00,0.237645,0.219999,-0.0029074376229754,-1.27906,-4.68272e+06,-1.37731,1495711956.95255,10,1500000000,1.9,0.072394,2025-11-11
224,arweave,ar,Arweave,5.07,331648104,226,93227311.00,5.73,5.05,-0.2790785508015334,-5.21611,-1.90825e+07,-5.44078,65454185.5381511,65454185.5381511,66000000,89.24,0.298788,2025-11-11
225,vision-3,vsn,Vision,0.098058,330818365,225,399173.00,0.101071,0.098042,-0.001431286771113,-1.43863,-3.30341e+06,-0.98868,3375767653.82764,40,4200000000,0.223874,0.092133,2025-11-11
226,kinetiq-earn-vault,vkhype,Kinetiq Earn Vault,40.17,329433320,227,358320.00,42.77,40.01,-1.1743893997950965,-2.84077,-1.11528e+07,-3.27459,8233813.142997754,8233813.142997754,,51.63,29.62,2025-11-11
227,ape-and-pepe,apepe,Ape and Pepe,1.57e-06,328822045,228,23691913.00,1.73e-06,1.47e-06,9.0603e-08,6.14246,1.91614e+07,6.18786,2,2,210000000000000,6.89e-06,6.54916e-07,2025-11-11
228,compound-governance-token,comp,Compound,34.0,327565582,229,22755901.00,35.84,33.52,0.084025,0.24775,-188914,-0.05764,963.164343942,,10000000,910.54,22.89,2025-11-11
229,gnosis,gno,Gnosis,122.89,324555186,230,6887876.00,127.88,122.87,-2.031009271428161,-1.62578,-4.90482e+06,-1.48875,2639589,0,3000000,644.2,6.88,2025-11-11
230,instadapp,fluid,Fluid,4.07,316716586,235,15780132.00,4.47,4.02,0.04507739,1.11915,3.66112e+06,1.16948,774888.8672596,0,100000000,24.4,0.366538,2025-11-11
231,axycoin,axyc,AxyCoin,1.58,316615960,232,75205.00,1.86,1.4,0.180286,12.85189,3.6049e+07,12.84864,0,0,200000000,1.91,1.29,2025-11-11
232,wormhole,w,Wormhole,0.0645,315612837,233,37764812.00,0.068029,0.063792,-0.0013005443282444,-1.97649,-7.32831e+06,-2.26924,42649913,0,10000000000,1.66,0.04692278,2025-11-11
233,kinesis-gold,kau,Kinesis Gold,132.19,315443227,231,29579625.00,133.39,131.57,0.590075,0.44837,3.15443e+08,0.0,2386227.8342,2386227.8342,,140.72,44.06,2025-11-11
234,origintrail,trac,OriginTrail,0.630531,314988568,234,4013968.00,0.678937,0.62992,-0.0468829554112452,-6.92088,-2.35168e+07,-6.94724,499546955.2,0,500000000,3.5,0.00385262,2025-11-11
235,falcon-finance-ff,ff,Falcon Finance,0.134581,314906325,236,57581670.00,0.14214,0.130296,0.00017009,0.12655,1.00664e+06,0.32069,23,0,10000000000,0.770814,0.062102,2025-11-11
236,humanity,h,Humanity,0.172427,314468022,237,23352159.00,0.176994,0.165559,-0.0029841711645213,-1.70125,-6.7249e+06,-2.09373,1820,0,10000000000,0.388387,0.01810273,2025-11-11
237,binance-peg-busd,busd,Binance-Peg BUSD,0.999712,312376188,238,5838253.00,1.01,0.991044,0.00499804,0.50246,-8614.54,-0.00276,312477997.95268,312477997.95268,,1.15,0.896883,2025-11-11
238,fartcoin,fartcoin,Fartcoin,0.308691,307704593,240,112371213.00,0.342768,0.296459,-0.0188629757733584,-5.75874,-1.97007e+07,-6.01723,999982472.732174,999982472.732174,1000000000,2.48,0.02002855,2025-11-11
239,ethena-staked-ena,sena,Ethena Staked ENA,0.320693,307318399,239,1080583.00,0.357197,0.291317,-0.0093639399251626,-2.83706,-1.31042e+07,-4.08967,9583796.8968464,9583824858498,,1.31,0.227519,2025-11-11
240,telcoin,tel,Telcoin,0.00313396,297928047,241,1542159.00,0.00334435,0.00310775,-0.000144737140501,-4.41447,-1.38778e+07,-4.45079,977236366.71,,100000000000,0.064483,6.474e-05,2025-11-11
241,1inch,1inch,1INCH,0.212937,297780924,243,37530080.00,0.226567,0.207474,0.00482656,2.31923,6.57018e+06,2.25616,13996383.93392,1499999999.997,1499999999,8.65,0.133186,2025-11-11
242,treehouse-eth,teth,Treehouse ETH,4270.8,297124966,242,327048.00,4437.1,4237.72,-34.24829308801327,-0.79554,-1.30601e+07,-4.21043,69772.564432223,69772.564432223,,6000.87,1683.91,2025-11-11
243,jito-governance-token,jto,Jito,0.743982,296962569,244,47371083.00,0.834196,0.739499,-0.0322538811617658,-4.15516,-1.35889e+07,-4.37574,399482357.9,,,6.01,0.72184,2025-11-11
244,satoshi-stablecoin,satusd,Satoshi Stablecoin,0.995383,296445041,245,804440.00,0.997907,0.993451,0.0003462,0.03479,100182,0.03381,2978038.76419,2978038.76419,,1.68,0.635574,2025-11-11
245,ecash,xec,eCash,1.491e-05,296022548,246,7457247.00,1.516e-05,1.463e-05,6.3155e-08,0.42523,-883113,-0.29744,1994646725,1994612975,21000000000000,0.00038001,1.243e-05,2025-11-11
246,euro-coin,eurc,EURC,1.16,294097037,247,25017434.00,1.16,1.15,0.00461919,0.40017,4.5096e+06,1.55725,253613813.29393,253613813.29393,,1.35,0.052848,2025-11-11
247,mocaverse,moca,Moca Network,0.04118517,291902019,248,8125118.00,0.0418848,0.0406964,0.0003067,0.75027,1.13843e+06,0.39153,717195.16,8888888888,8888888888,0.477373,0.03770641,2025-11-11
248,reserve-protocol-eth-plus,eth+,ETHPlus,3683.79,289899498,249,619249.00,3827.64,3668.12,-39.20250615558507,-1.05298,-3.72661e+06,-1.26917,78857.42188696982,78857.42188696982,,5150.57,1461.53,2025-11-11
249,frax,frax,Legacy Frax Dollar,0.995134,289324776,250,3198920.00,0.996067,0.993176,0.00043681,0.04391,245238,0.08483,2811186.2746,2811186.2746,,1.14,0.874536,2025-11-11
